{"InputsCount":33,"Layers":[{"InputsCount":33,"Neurons":[{"Threshold":0.82232606410980225,"ActivationFunction":{"Alpha":2.0},"InputsCount":33,"Output":0.99999969440650283,"Weights":[0.47037383913993835,0.61320692300796509,0.036372717469930649,0.80629050731658936,0.85397553443908691,0.66436135768890381,0.73989313840866089,0.21888516843318939,0.48762872815132141,0.0086445566266775131,0.89549118280410767,0.30795052647590637,0.46669983863830566,0.041426055133342743,0.55325585603713989,0.787452757358551,0.44926050305366516,0.20392151176929474,0.71388214826583862,0.46339595317840576,0.99111056327819824,0.42021876573562622,0.43712753057479858,0.81648761034011841,0.59406137466430664,0.53118973970413208,0.02060260996222496,0.22780255973339081,0.94386059045791626,0.21887548267841339,0.24943819642066956,0.4724571704864502,0.60043865442276]},{"Threshold":3.7452511787414551,"ActivationFunction":{"Alpha":2.0},"InputsCount":33,"Output":-0.94239307750681223,"Weights":[-0.40167373418807983,-7.6660542488098145,4.6088190078735352,0.35101178288459778,0.19248275458812714,0.070037707686424255,0.028295775875449181,-0.01489624660462141,0.0354594923555851,-0.030893810093402863,-0.021880876272916794,-0.0086495792493224144,-0.10144636780023575,-0.1490018367767334,0.36500564217567444,-8.158869743347168,20.340072631835938,5.2112288475036621,25.713632583618164,-3.6291382312774658,2.4720635414123535,4.3780522346496582,-2.3892652988433838,-0.39160221815109253,0.16588936746120453,0.14454521238803864,0.1457134485244751,0.28261095285415649,0.0402725413441658,-0.015922022983431816,0.095749318599700928,-0.14443063735961914,-0.31583002209663391]},{"Threshold":-5.7068495750427246,"ActivationFunction":{"Alpha":2.0},"InputsCount":33,"Output":0.95226706161108865,"Weights":[2.46219539642334,11.933853149414063,-6.9646615982055664,-0.65706396102905273,-0.20065830647945404,-0.044454619288444519,-0.034630835056304932,0.045410476624965668,0.010761138051748276,0.05702020600438118,0.013503842987120152,0.063943162560462952,0.1559939980506897,0.12755392491817474,-0.37532231211662292,8.4455661773681641,-6.5695958137512207,-4.1293954849243164,17.418102264404297,2.0673792362213135,-3.4389863014221191,-4.1682548522949219,3.0656850337982178,0.6355440616607666,-0.38580361008644104,-0.87208223342895508,0.53579825162887573,-0.18023031949996948,-0.98152923583984375,0.48189696669578552,0.090872012078762054,-0.35089707374572754,0.84380620718002319]},{"Threshold":0.47257316112518311,"ActivationFunction":{"Alpha":2.0},"InputsCount":33,"Output":0.67434555518846717,"Weights":[-2.5991213321685791,0.60751950740814209,-5.8622617721557617,0.27587592601776123,-0.29125946760177612,-0.19890357553958893,-0.0032959557138383389,0.013888278976082802,-0.068976812064647675,0.0738915205001831,0.069498009979724884,-0.063057638704776764,0.094579264521598816,0.24143698811531067,-0.33730095624923706,1.7992424964904785,5.1153793334960937,-2.8879463672637939,2.4057810306549072,0.21659862995147705,-1.1792083978652954,-3.0411672592163086,0.58885133266448975,0.24013142287731171,-0.52972787618637085,0.93893295526504517,-1.1266688108444214,-0.43418389558792114,1.4769042730331421,-0.4344557523727417,-0.55353188514709473,0.82865989208221436,0.1474481076002121]},{"Threshold":0.61054462194442749,"ActivationFunction":{"Alpha":2.0},"InputsCount":33,"Output":0.999999977366975,"Weights":[0.1147599071264267,0.62866336107254028,0.5653533935546875,0.80676335096359253,0.51240032911300659,0.77774500846862793,0.13938321173191071,0.89766693115234375,0.87377792596817017,0.24945202469825745,0.79203283786773682,0.7968602180480957,0.3232848048210144,0.99134939908981323,0.54871284961700439,0.7381322979927063,0.28018897771835327,0.62055748701095581,0.48186451196670532,0.66525000333786011,0.8308180570602417,0.71544039249420166,0.52765053510665894,0.57040077447891235,0.98664236068725586,0.75432807207107544,0.71371066570281982,0.28075438737869263,0.24564583599567413,0.5428583025932312,0.51203125715255737,0.081542827188968658,0.991527795791626]},{"Threshold":0.72240149974823,"ActivationFunction":{"Alpha":2.0},"InputsCount":33,"Output":0.99999998370394949,"Weights":[0.10023476928472519,0.998428225517273,0.016604321077466011,0.81197041273117065,0.38849246501922607,0.59770733118057251,0.68443942070007324,0.61028504371643066,0.71242350339889526,0.5020638108253479,0.800977885723114,0.14092715084552765,0.38971146941185,0.69791537523269653,1.0292673110961914,0.3084811270236969,0.020810529589653015,0.94294136762619019,0.1537339836359024,0.17695331573486328,0.34157255291938782,0.40142449736595154,0.11612044274806976,0.99830722808837891,0.82692909240722656,0.77164179086685181,0.077027939260005951,0.86638724803924561,0.64737099409103394,0.31463965773582458,0.71690309047698975,0.68831878900527954,0.79201781749725342]},{"Threshold":-7.8247685432434082,"ActivationFunction":{"Alpha":2.0},"InputsCount":33,"Output":-0.7831732672258338,"Weights":[3.6008007526397705,2.0811145305633545,4.322974681854248,-0.10458037257194519,0.16930805146694183,0.11231376975774765,-0.013460923917591572,-0.025840112939476967,0.0075379153713583946,-0.059333730489015579,-0.054127354174852371,0.041997719556093216,-0.052625693380832672,-0.13421045243740082,0.083845227956771851,6.4239053726196289,2.78359317779541,0.14050370454788208,5.2581868171691895,0.755777895450592,0.25790625810623169,1.2284560203552246,0.196420818567276,-0.23327729105949402,0.5668720006942749,-0.54829114675521851,0.60915517807006836,0.28713485598564148,-1.0110434293746948,0.12148012965917587,0.3132941722869873,-0.55888742208480835,-0.26420122385025024]},{"Threshold":1.2705059051513672,"ActivationFunction":{"Alpha":2.0},"InputsCount":33,"Output":0.99999999998915889,"Weights":[0.80082577466964722,0.45120051503181458,0.58538752794265747,0.56999123096466064,0.92546993494033813,0.32158082723617554,0.463664710521698,0.53289395570755,0.90796965360641479,0.45601332187652588,0.59735727310180664,1.3553600311279297,0.75899803638458252,0.43798765540122986,1.0808017253875732,1.2124220132827759,0.788002610206604,0.15014615654945374,0.76003104448318481,-0.60177785158157349,0.45206290483474731,0.24877838790416718,0.94168907403945923,1.0237069129943848,0.76199537515640259,0.83047598600387573,0.5085563063621521,0.27907413244247437,0.35845005512237549,0.75662726163864136,0.41838794946670532,0.82476252317428589,0.65043002367019653]},{"Threshold":0.42781662940979004,"ActivationFunction":{"Alpha":2.0},"InputsCount":33,"Output":0.99999638182749373,"Weights":[0.28776630759239197,0.88201332092285156,0.4175620973110199,1.0254186391830444,0.96452873945236206,0.71949577331542969,0.43671655654907227,-0.2251167893409729,-0.072565019130706787,0.5739753246307373,0.65233772993087769,-0.050117403268814087,0.13145633041858673,0.35350775718688965,0.11141407489776611,0.1317826509475708,0.58231788873672485,0.5992012619972229,0.30672889947891235,0.39385280013084412,0.31340569257736206,0.54812395572662354,0.87414485216140747,0.78324764966964722,0.12670022249221802,0.28002408146858215,1.1598862409591675,0.27156010270118713,0.93343842029571533,0.77376574277877808,0.71413403749465942,0.41990026831626892,0.38505372405052185]},{"Threshold":0.67140287160873413,"ActivationFunction":{"Alpha":2.0},"InputsCount":33,"Output":0.99999996020318882,"Weights":[0.7312043309211731,0.71768146753311157,0.25820925831794739,0.8179505467414856,0.2697492241859436,0.078721821308135986,0.45721274614334106,0.23695455491542816,0.8753044605255127,0.79898029565811157,0.85868680477142334,0.40700563788414,0.33695456385612488,0.85802870988845825,0.91704589128494263,0.9810483455657959,0.037452317774295807,0.69702774286270142,0.42435351014137268,0.29982832074165344,0.51381117105484009,0.691165030002594,0.069049723446369171,0.57022655010223389,0.90038084983825684,0.7845916748046875,0.809678316116333,0.51175886392593384,0.33854255080223083,0.54471606016159058,0.10312476009130478,0.37930020689964294,0.71797174215316772]}],